<ImportExportXml xmlns:xsi="http://www.w3.org/2001/XMLSchema-instance">
  <Entities></Entities>
  <Roles></Roles>
  <Workflows>
    <Workflow WorkflowId="{698fc68e-e7d8-ee11-904c-000d3a8c2b20}" Name="CreateRecipeTestFlow">
      <JsonFileName>/Workflows/CreateRecipeTestFlow-698FC68E-E7D8-EE11-904C-000D3A8C2B20.json</JsonFileName>
      <Type>1</Type>
      <Subprocess>0</Subprocess>
      <Category>5</Category>
      <Mode>0</Mode>
      <Scope>4</Scope>
      <OnDemand>0</OnDemand>
      <TriggerOnCreate>0</TriggerOnCreate>
      <TriggerOnDelete>0</TriggerOnDelete>
      <AsyncAutodelete>0</AsyncAutodelete>
      <SyncWorkflowLogOnFailure>0</SyncWorkflowLogOnFailure>
      <StateCode>1</StateCode>
      <StatusCode>2</StatusCode>
      <RunAs>1</RunAs>
      <IsTransacted>1</IsTransacted>
      <IntroducedVersion>1.0.0.10</IntroducedVersion>
      <IsCustomizable>1</IsCustomizable>
      <BusinessProcessType>0</BusinessProcessType>
      <IsCustomProcessingStepAllowedForOtherPublishers>1</IsCustomProcessingStepAllowedForOtherPublishers>
      <PrimaryEntity>none</PrimaryEntity>
      <LocalizedNames>
        <LocalizedName languagecode="1033" description="CreateRecipeTestFlow" />
      </LocalizedNames>
    </Workflow>
    <Workflow WorkflowId="{ba0045d2-e1d6-ee11-904d-000d3ad8bfb1}" Name="GetRecipeOpenAI_Flow">
      <JsonFileName>/Workflows/GetRecipeOpenAI_Flow-BA0045D2-E1D6-EE11-904D-000D3AD8BFB1.json</JsonFileName>
      <Type>1</Type>
      <Subprocess>0</Subprocess>
      <Category>5</Category>
      <Mode>0</Mode>
      <Scope>4</Scope>
      <OnDemand>0</OnDemand>
      <TriggerOnCreate>0</TriggerOnCreate>
      <TriggerOnDelete>0</TriggerOnDelete>
      <AsyncAutodelete>0</AsyncAutodelete>
      <SyncWorkflowLogOnFailure>0</SyncWorkflowLogOnFailure>
      <StateCode>1</StateCode>
      <StatusCode>2</StatusCode>
      <RunAs>1</RunAs>
      <IsTransacted>1</IsTransacted>
      <IntroducedVersion>1.0.0.0</IntroducedVersion>
      <IsCustomizable>1</IsCustomizable>
      <IsCustomProcessingStepAllowedForOtherPublishers>1</IsCustomProcessingStepAllowedForOtherPublishers>
      <PrimaryEntity>none</PrimaryEntity>
      <LocalizedNames>
        <LocalizedName languagecode="1033" description="GetRecipeOpenAI_Flow" />
      </LocalizedNames>
    </Workflow>
    <Workflow WorkflowId="{d5e9c390-b9d7-ee11-904d-000d3ad8bfb1}" Name="SendBarcode_Flow">
      <JsonFileName>/Workflows/SendBarcode_Flow-D5E9C390-B9D7-EE11-904D-000D3AD8BFB1.json</JsonFileName>
      <Type>1</Type>
      <Subprocess>0</Subprocess>
      <Category>5</Category>
      <Mode>0</Mode>
      <Scope>4</Scope>
      <OnDemand>0</OnDemand>
      <TriggerOnCreate>0</TriggerOnCreate>
      <TriggerOnDelete>0</TriggerOnDelete>
      <AsyncAutodelete>0</AsyncAutodelete>
      <SyncWorkflowLogOnFailure>0</SyncWorkflowLogOnFailure>
      <StateCode>1</StateCode>
      <StatusCode>2</StatusCode>
      <RunAs>1</RunAs>
      <IsTransacted>1</IsTransacted>
      <IntroducedVersion>1.0</IntroducedVersion>
      <IsCustomizable>1</IsCustomizable>
      <IsCustomProcessingStepAllowedForOtherPublishers>1</IsCustomProcessingStepAllowedForOtherPublishers>
      <PrimaryEntity>none</PrimaryEntity>
      <LocalizedNames>
        <LocalizedName languagecode="1033" description="SendBarcode_Flow" />
      </LocalizedNames>
    </Workflow>
  </Workflows>
  <FieldSecurityProfiles></FieldSecurityProfiles>
  <Templates />
  <EntityMaps />
  <EntityRelationships />
  <OrganizationSettings />
  <optionsets />
  <CustomControls />
  <EntityDataProviders />
  <CanvasApps>
    <CanvasApp>
      <Name>fdfghtrs_fridgeinventoryapp_5bac5</Name>
      <AppVersion>2024-03-02T23:13:02Z</AppVersion>
      <Status>Ready</Status>
      <CreatedByClientVersion>3.24022.17.0</CreatedByClientVersion>
      <MinClientVersion>3.24022.17.0</MinClientVersion>
      <Tags>{"primaryDeviceWidth":"640","primaryDeviceHeight":"1136","supportsPortrait":"true","supportsLandscape":"true","primaryFormFactor":"Phone","showStatusBar":"false","publisherVersion":"3.24022.17","minimumRequiredApiVersion":"2.2.0","hasComponent":"false","hasUnlockedComponent":"false","isUnifiedRootApp":"false","offlineLargeFilesSupport":"false","sienaVersion":"20240302T215016Z-3.24022.17.0"}</Tags>
      <IsCdsUpgraded>0</IsCdsUpgraded>
      <GalleryItemId xsi:nil="true"></GalleryItemId>
      <BackgroundColor>RGBA(0,176,240,1)</BackgroundColor>
      <DisplayName>FridgeInventoryApp</DisplayName>
      <Description>v1.8</Description>
      <CommitMessage xsi:nil="true"></CommitMessage>
      <Publisher></Publisher>
      <AuthorizationReferences>[]</AuthorizationReferences>
      <ConnectionReferences>{"6cc9ab18-bb3b-4e3d-aab1-6663048a6169":{"id":"/providers/microsoft.powerapps/apis/shared_logicflows","displayName":"Logic flows","iconUri":"https://connectoricons-prod.azureedge.net/releases/v1.0.1664/1.0.1664.3477/logicflows/icon.png","dataSources":["SendBarcode_Flow"],"dependencies":["8461d18a-5ce8-4786-ab2b-56250e94931b"],"dependents":[],"parameterHints":{"workflowName":{"value":"7ca00eb0-0cf0-4e14-9952-712d6d8b235a"},"workflowEntityId":{"value":"d5e9c390-b9d7-ee11-904d-000d3ad8bfb1"},"workflowDisplayName":{"value":"SendBarcode_Flow"},"8461d18a-5ce8-4786-ab2b-56250e94931b":{"value":"shared_webcontents"}},"parameterHintsV2":{"workflowName":{"value":"7ca00eb0-0cf0-4e14-9952-712d6d8b235a"},"workflowEntityId":{"value":"d5e9c390-b9d7-ee11-904d-000d3ad8bfb1"},"workflowDisplayName":{"value":"SendBarcode_Flow"},"shared_webcontents":{"value":"8461d18a-5ce8-4786-ab2b-56250e94931b"}},"isOnPremiseConnection":false,"bypassConsent":false,"dataSets":{},"apiTier":"Standard","actions":["Run"]},"8461d18a-5ce8-4786-ab2b-56250e94931b":{"id":"/providers/microsoft.powerapps/apis/shared_webcontents","displayName":"HTTP with Microsoft Entra ID (preauthorized)","iconUri":"https://connectoricons-prod.azureedge.net/releases/v1.0.1676/1.0.1676.3617/webcontents/icon.png","dataSources":[],"dependencies":[],"dependents":["6cc9ab18-bb3b-4e3d-aab1-6663048a6169"],"parameterHints":{},"parameterHintsV2":{},"isOnPremiseConnection":false,"bypassConsent":false,"dataSets":{},"apiTier":"Premium","endpoints":["https://api.fabric.microsoft.com"]}}</ConnectionReferences>
      <DatabaseReferences>{"default.cds":{"databaseDetails":{"referenceType":"Environmental","environmentName":"default.cds","overrideValues":{"status":"NotSpecified","environmentVariableName":""}},"dataSources":{"43b0dc67-68af-47ae-9a9c-9e69d396ba3e":{"entitySetName":"msdyn_aimodels","logicalName":"msdyn_aimodel"}},"components":[{"componentName":"msdyn_AIModel","identifier":"77365cfa-7021-4cb7-a9b2-dc9823cde772","identifierType":"UniqueId"}]}}</DatabaseReferences>
      <AppComponents>[]</AppComponents>
      <AppComponentDependencies>[]</AppComponentDependencies>
      <CanConsumeAppPass>1</CanConsumeAppPass>
      <CanvasAppType>0</CanvasAppType>
      <BypassConsent>0</BypassConsent>
      <AdminControlBypassConsent>0</AdminControlBypassConsent>
      <EmbeddedApp xsi:nil="true"></EmbeddedApp>
      <IntroducedVersion>1.0</IntroducedVersion>
      <CdsDependencies>{"cdsdependencies":[{"dependencyid":"d5e9c390-b9d7-ee11-904d-000d3ad8bfb1","componenttype":29,"componenttypeplatformname":"Workflow"},{"logicalname":"msdyn_aimodel","componenttype":1},{"dependencyid":"77365cfa-7021-4cb7-a9b2-dc9823cde772","logicalname":"","componenttype":401,"componenttypeplatformname":"msdyn_AIModel"}]}</CdsDependencies>
      <IsCustomizable>1</IsCustomizable>
      <BackgroundImageUri>/CanvasApps/fdfghtrs_fridgeinventoryapp_5bac5_BackgroundImageUri</BackgroundImageUri>
      <DocumentUri>/CanvasApps/fdfghtrs_fridgeinventoryapp_5bac5_DocumentUri.msapp</DocumentUri>
      <AdditionalUris>
        <AdditionalUri>/CanvasApps/fdfghtrs_fridgeinventoryapp_5bac5_AdditionalUris0_identity.json</AdditionalUri>
      </AdditionalUris>
    </CanvasApp>
  </CanvasApps>
  <connectionreferences>
    <connectionreference connectionreferencelogicalname="fdfghtrs_shareddataactivatorpreview_de5cb">
      <connectionreferencedisplayname>Data Activator Early Access FoodFightersSLN-de5cb</connectionreferencedisplayname>
      <connectorid>/providers/Microsoft.PowerApps/apis/shared_dataactivatorpreview</connectorid>
      <iscustomizable>1</iscustomizable>
      <statecode>0</statecode>
      <statuscode>1</statuscode>
    </connectionreference>
    <connectionreference connectionreferencelogicalname="fdfghtrs_sharedkeyvault_4ff30">
      <connectionreferencedisplayname>Azure Key Vault FoodFightersSLN-4ff30</connectionreferencedisplayname>
      <connectorid>/providers/Microsoft.PowerApps/apis/shared_keyvault</connectorid>
      <iscustomizable>1</iscustomizable>
      <statecode>0</statecode>
      <statuscode>1</statuscode>
    </connectionreference>
    <connectionreference connectionreferencelogicalname="fdfghtrs_sharedoffice365_b6507">
      <connectionreferencedisplayname>Office 365 Outlook FoodFightersSLN-b6507</connectionreferencedisplayname>
      <connectorid>/providers/Microsoft.PowerApps/apis/shared_office365</connectorid>
      <iscustomizable>1</iscustomizable>
      <statecode>0</statecode>
      <statuscode>1</statuscode>
    </connectionreference>
    <connectionreference connectionreferencelogicalname="fdfghtrs_sharedpowerbi_21118">
      <connectionreferencedisplayname>Power BI FoodFightersSLN-21118</connectionreferencedisplayname>
      <connectorid>/providers/Microsoft.PowerApps/apis/shared_powerbi</connectorid>
      <iscustomizable>1</iscustomizable>
      <statecode>0</statecode>
      <statuscode>1</statuscode>
    </connectionreference>
    <connectionreference connectionreferencelogicalname="new_sharedwebcontents_d13e2">
      <connectionreferencedisplayname>HTTP with Microsoft Entra ID (vorab autorisiert)</connectionreferencedisplayname>
      <connectorid>/providers/Microsoft.PowerApps/apis/shared_webcontents</connectorid>
      <iscustomizable>1</iscustomizable>
      <statecode>0</statecode>
      <statuscode>1</statuscode>
    </connectionreference>
  </connectionreferences>
  <Languages>
    <Language>1033</Language>
  </Languages>
</ImportExportXml>