{
  "properties": {
    "connectionReferences": {
      "shared_webcontents": {
        "runtimeSource": "invoker",
        "connection": {
          "connectionReferenceLogicalName": "new_sharedwebcontents_d13e2"
        },
        "api": {
          "name": "shared_webcontents"
        }
      }
    },
    "definition": {
      "$schema": "https://schema.management.azure.com/providers/Microsoft.Logic/schemas/2016-06-01/workflowdefinition.json#",
      "contentVersion": "1.0.0.0",
      "parameters": {
        "$connections": {
          "defaultValue": {},
          "type": "Object"
        },
        "$authentication": {
          "defaultValue": {},
          "type": "SecureObject"
        }
      },
      "triggers": {
        "manual": {
          "metadata": {
            "operationMetadataId": "382ee5ea-b675-462a-995e-30a325c16f36"
          },
          "type": "Request",
          "kind": "PowerAppV2",
          "inputs": {
            "schema": {
              "type": "object",
              "properties": {
                "text": {
                  "title": "barcode",
                  "type": "string",
                  "x-ms-dynamically-added": true,
                  "description": "barcode that was scanned",
                  "x-ms-content-hint": "TEXT"
                },
                "text_1": {
                  "title": "product",
                  "type": "string",
                  "x-ms-dynamically-added": true,
                  "description": "the name of the product",
                  "x-ms-content-hint": "TEXT"
                }
              },
              "required": [
                "text",
                "text_1"
              ]
            }
          }
        }
      },
      "actions": {
        "Variable_initialisieren": {
          "runAfter": {},
          "metadata": {
            "operationMetadataId": "02bb458d-40b2-48c7-844c-903918e59c8e"
          },
          "type": "InitializeVariable",
          "inputs": {
            "variables": [
              {
                "name": "WorkspaceID",
                "type": "string",
                "value": "3dc52a27-0975-4ec2-a711-94205400bada"
              }
            ]
          }
        },
        "Variable_initialisieren_2": {
          "runAfter": {
            "Variable_initialisieren": [
              "Succeeded"
            ]
          },
          "metadata": {
            "operationMetadataId": "308b1507-7b5c-41f4-afd8-8ada8b4d7882"
          },
          "type": "InitializeVariable",
          "inputs": {
            "variables": [
              {
                "name": "NotebookID",
                "type": "string",
                "value": "1b3220d5-b7f4-43e5-b294-7c45f32bfd35"
              }
            ]
          }
        },
        "HTTP-Anforderung_aufrufen": {
          "runAfter": {
            "Variable_initialisieren_2": [
              "Succeeded"
            ]
          },
          "metadata": {
            "operationMetadataId": "d5d62a67-df17-4da7-be13-7543f6a9419d"
          },
          "type": "OpenApiConnection",
          "inputs": {
            "host": {
              "connectionName": "shared_webcontents",
              "operationId": "InvokeHttp",
              "apiId": "/providers/Microsoft.PowerApps/apis/shared_webcontents"
            },
            "parameters": {
              "request/method": "POST",
              "request/url": "https://api.fabric.microsoft.com/v1/workspaces/@{variables('WorkspaceID')}/items/@{variables('NotebookID')}/jobs/instances?jobType=RunNotebook",
              "request/body": "{\n    \"executionData\": {\n  \"parameters\": {\n            \"barcode\": {\n                \"value\": \"@{triggerBody()['text']}\",\n                \"type\": \"string\"\n            },\n\"product\": {\n                \"value\": \"@{triggerBody()['text_1']}\",\n                \"type\": \"string\"\n            }\n        }\n}\n}"
            },
            "authentication": "@parameters('$authentication')"
          }
        }
      }
    },
    "templateName": ""
  },
  "schemaVersion": "1.0.0.0"
}